Wall time,Step,Value
1592623371.1616712,0,0.740700364112854
1592624837.1419005,1,0.7529144287109375
1592626305.974246,2,0.7755175232887268
1592627774.0502255,3,0.769109308719635
1592629243.6149259,4,0.7963297367095947
1592630711.8587604,5,0.7960007786750793
1592632177.0088983,6,0.7809288501739502
1592633647.7288957,7,0.7830681800842285
1592635118.351041,8,0.7953084707260132
1592636588.0127504,9,0.7910500764846802
